Cflag_215_0012	Cflag_215_0012
BVI_002_0010	BVI_002_0010
BVI_002_0010	BVI_055B_0011
BVI_002_0010	Cflag_017B_0008
BVI_002_0010	E4-10_086_0016
BVI_002_0010	BVI_008A_0007
BVI_002_0010	BVI_069_0007
BVI_002_0010	E4-10_112_0021
RCC970_016A_0013	RCC970_016A_0013
RCC970_016A_0013	BVI_056_0009
RCC970_016A_0013	Cflag_131_0014
RCC970_016A_0013	BVI_101_0009
RCC970_016A_0013	Cflag_017C_0010
BVI_008A_0028	BVI_008A_0028
BVI_008A_0028	E4-10_086_0001
BVI_008A_0028	E4-10_008_0001
E4-10_053_0024	E4-10_053_0024
BVI_005_0008	BVI_005_0008
BVI_005_0008	BVI_001A_0017
BVI_005_0008	BVI_058_0002
BVI_005_0008	E4-10_023_0004
BVI_005_0008	RCC970_095_0017
BVI_055B_0007	BVI_055B_0007
E4-10_053_0022	E4-10_053_0022
E4-10_053_0022	BVI_023A_0020
E4-10_053_0022	BVI_029_0002
BVI_029_0020	BVI_029_0020
BVI_029_0020	E4-10_023_0015
BVI_029_0020	RCC970_095_0007
BVI_029_0020	BVI_058_0011
BVI_029_0020	Cflag_017B_0011
BVI_029_0020	E4-10_086_0013
BVI_029_0020	BVI_008A_0011
BVI_029_0020	BVI_069_0014
BVI_029_0020	BVI_096B_0012
BVI_029_0020	E4-10_001_0014
BVI_029_0020	BVI_002_0007
BVI_029_0020	RCC970_025_0016
BVI_029_0020	Cflag_040_0020
BVI_029_0020	BVI_001A_0008
BVI_029_0020	E4-10_133_0015
BVI_029_0020	E4-10_053_0011
BVI_029_0020	BVI_023A_0009
BVI_029_0020	RCC970_016A_0011
BVI_029_0020	BVI_056_0011
BVI_029_0020	Cflag_131_0012
BVI_029_0020	Cflag_017C_0012
BVI_029_0020	BVI_101_0011
BVI_069_0027	BVI_069_0027
BVI_069_0027	BVI_008A_0025
RCC970_029_0004	RCC970_029_0004
RCC970_029_0004	Cflag_017A_0003
RCC970_029_0004	E4-10_053_0026
RCC970_029_0004	E4-10_133_0024
RCC970_029_0004	Cflag_040_0003
RCC970_029_0004	Cflag_017A_0031
RCC970_029_0004	RCC970_025_0027
RCC970_029_0004	E4-10_001_0006
RCC970_029_0004	E4-10_001_0007
RCC970_029_0004	RCC970_029_0003
RCC970_029_0004	Cflag_040_0033
E4-10_086_0007	E4-10_086_0007
E4-10_086_0007	Cflag_017B_0017
E4-10_086_0007	BVI_008A_0019
E4-10_086_0007	RCC970_016B_0008
E4-10_086_0007	BVI_069_0023
E4-10_086_0007	E4-10_112_0010
E4-10_086_0007	BVI_055A_0021
E4-10_086_0007	E4-10_008_0008
Cflag_017B_0003	Cflag_017B_0003
RCC970_029_0019	RCC970_029_0019
RCC970_029_0019	E4-10_053_0020
Cflag_040_0032	Cflag_040_0032
Cflag_040_0007	Cflag_040_0007
Cflag_040_0007	Cflag_017A_0009
Cflag_040_0007	RCC970_025_0008
Cflag_040_0007	E4-10_133_0005
Cflag_040_0007	RCC970_095_0016
Cflag_040_0007	BVI_058_0003
Cflag_040_0007	BVI_029_0003
Cflag_040_0007	E4-10_023_0005
Cflag_040_0007	RCC970_029_0020
Cflag_040_0007	BVI_001A_0016
Cflag_040_0007	BVI_023A_0019
E4-10_086_0010	E4-10_086_0010
E4-10_086_0010	Cflag_017B_0014
E4-10_086_0010	RCC970_016B_0011
E4-10_086_0010	E4-10_112_0013
E4-10_086_0010	BVI_008A_0017
E4-10_086_0010	BVI_058_0008
E4-10_086_0010	Cflag_151_0011
E4-10_086_0010	E4-10_023_0012
E4-10_086_0010	BVI_029_0016
E4-10_086_0010	RCC970_095_0010
E4-10_086_0010	BVI_055B_0014
E4-10_086_0010	BVI_096B_0018
E4-10_086_0010	BVI_002_0011
E4-10_086_0010	BVI_055A_0004
E4-10_086_0010	E4-10_008_0020
E4-10_086_0010	Cflag_017A_0015
E4-10_086_0010	RCC970_025_0013
E4-10_086_0010	BVI_001A_0011
E4-10_086_0010	BVI_023A_0012
E4-10_086_0010	E4-10_133_0012
E4-10_086_0010	E4-10_053_0015
E4-10_086_0010	Cflag_040_0012
E4-10_086_0010	RCC970_029_0014
E4-10_086_0010	E4-10_001_0017
Cflag_040_0006	Cflag_040_0006
E4-10_008_0018	E4-10_008_0018
E4-10_008_0018	BVI_055A_0006
RCC970_016A_0001	RCC970_016A_0001
Cflag_215_0008	Cflag_215_0008
BVI_055B_0012	BVI_055B_0012
Cflag_131_0027	Cflag_131_0027
BVI_008A_0009	BVI_008A_0009
BVI_008A_0009	E4-10_112_0019
E4-10_001_0016	E4-10_001_0016
BVI_055B_0020	BVI_055B_0020
BVI_055B_0020	BVI_002_0017
BVI_055B_0020	BVI_096B_0024
E4-10_133_0023	E4-10_133_0023
E4-10_133_0023	Cflag_017A_0025
BVI_055A_0023	BVI_055A_0023
E4-10_001_0010	E4-10_001_0010
E4-10_001_0010	RCC970_025_0021
E4-10_001_0010	E4-10_133_0021
E4-10_001_0010	RCC970_029_0007
E4-10_001_0010	BVI_001A_0004
E4-10_001_0010	Cflag_017A_0022
E4-10_001_0010	BVI_023A_0005
E4-10_001_0010	E4-10_053_0006
E4-10_001_0010	Cflag_040_0028
E4-10_001_0010	Cflag_151_0003
E4-10_001_0010	BVI_058_0015
E4-10_001_0010	E4-10_023_0019
E4-10_001_0010	BVI_029_0024
E4-10_001_0010	RCC970_095_0002
BVI_096B_0019	BVI_096B_0019
BVI_096B_0019	BVI_055B_0015
E4-10_008_0010	E4-10_008_0010
E4-10_008_0010	BVI_055A_0019
Cflag_151_0015	Cflag_151_0015
Cflag_131_0021	Cflag_131_0021
Cflag_131_0019	Cflag_131_0019
Cflag_131_0019	BVI_056_0004
Cflag_131_0019	BVI_096B_0030
Cflag_131_0019	BVI_002_0020
Cflag_131_0019	BVI_055B_0023
Cflag_131_0019	Cflag_215_0010
Cflag_131_0019	BVI_069_0022
Cflag_131_0019	E4-10_112_0011
Cflag_131_0019	BVI_008A_0018
Cflag_131_0019	E4-10_086_0008
Cflag_131_0019	RCC970_016B_0009
Cflag_131_0019	Cflag_017B_0016
Cflag_131_0019	E4-10_008_0009
Cflag_131_0019	BVI_055A_0020
Cflag_131_0019	BVI_101_0006
Cflag_131_0019	RCC970_016A_0017
Cflag_131_0019	Cflag_017C_0006
Cflag_040_0030	Cflag_040_0030
Cflag_040_0030	Cflag_040_0004
E4-10_001_0024	E4-10_001_0024
BVI_096B_0028	BVI_096B_0028
BVI_055A_0017	BVI_055A_0017
BVI_055A_0017	E4-10_008_0012
Cflag_017A_0028	Cflag_017A_0028
BVI_005_0005	BVI_005_0005
E4-10_008_0021	E4-10_008_0021
E4-10_008_0021	BVI_055A_0003
BVI_096B_0022	BVI_096B_0022
BVI_096B_0022	BVI_055B_0018
BVI_096B_0022	Cflag_017C_0015
BVI_096B_0022	BVI_056_0014
BVI_096B_0022	BVI_101_0014
BVI_096B_0022	RCC970_016A_0008
BVI_096B_0022	Cflag_131_0008
BVI_055B_0013	BVI_055B_0013
BVI_055B_0013	BVI_096B_0017
E4-10_133_0017	E4-10_133_0017
BVI_055B_0008	BVI_055B_0008
BVI_055B_0008	BVI_096B_0013
BVI_055B_0008	Cflag_017B_0010
BVI_055B_0008	E4-10_112_0018
BVI_055B_0008	RCC970_016B_0018
BVI_055B_0008	BVI_069_0009
BVI_055B_0008	E4-10_086_0014
BVI_055B_0008	BVI_008A_0010
BVI_055B_0008	BVI_002_0008
BVI_055B_0008	RCC970_016A_0010
BVI_055B_0008	Cflag_131_0011
BVI_055B_0008	Cflag_017C_0013
BVI_055B_0008	BVI_056_0012
BVI_055B_0008	BVI_101_0012
BVI_055B_0008	E4-10_001_0015
BVI_055B_0008	BVI_058_0010
BVI_055B_0008	BVI_029_0019
BVI_055B_0008	RCC970_095_0008
BVI_055B_0008	Cflag_151_0009
BVI_055B_0008	E4-10_023_0014
BVI_055B_0008	E4-10_133_0014
BVI_055B_0008	RCC970_025_0015
BVI_055B_0008	BVI_001A_0009
BVI_055B_0008	Cflag_040_0019
BVI_055B_0008	BVI_023A_0010
BVI_055B_0008	RCC970_029_0012
RCC970_029_0024	RCC970_029_0024
BVI_055A_0024	BVI_055A_0024
Cflag_040_0025	Cflag_040_0025
BVI_005_0003	BVI_005_0003
Cflag_017A_0027	Cflag_017A_0027
Cflag_017A_0027	BVI_023A_0003
E4-10_023_0013	E4-10_023_0013
E4-10_008_0014	E4-10_008_0014
E4-10_008_0014	BVI_055A_0010
RCC970_025_0023	RCC970_025_0023
Cflag_017A_0018	Cflag_017A_0018
Cflag_017A_0017	Cflag_017A_0017
E4-10_001_0025	E4-10_001_0025
BVI_096B_0014	BVI_096B_0014
BVI_096B_0014	BVI_055B_0009
Cflag_215_0009	Cflag_215_0009
Cflag_215_0009	BVI_096B_0029
RCC970_016A_0002	RCC970_016A_0002
Cflag_131_0028	Cflag_131_0028
BVI_096B_0027	BVI_096B_0027
RCC970_016B_0021	RCC970_016B_0021
E4-10_008_0019	E4-10_008_0019
E4-10_008_0019	BVI_055A_0005
BVI_005_0001	BVI_005_0001
Cflag_040_0001	Cflag_040_0001
Cflag_040_0001	E4-10_133_0001
Cflag_040_0001	E4-10_133_0025
Cflag_040_0001	RCC970_029_0001
Cflag_040_0001	E4-10_023_0001
Cflag_040_0001	RCC970_025_0030
Cflag_040_0001	BVI_001A_0001
Cflag_040_0001	Cflag_017A_0001
Cflag_040_0001	E4-10_053_0027
Cflag_040_0001	BVI_001A_0020
Cflag_040_0001	RCC970_025_0001
Cflag_040_0001	E4-10_053_0001
Cflag_040_0001	Cflag_017A_0032
Cflag_040_0001	RCC970_029_0027
Cflag_040_0001	BVI_023A_0024
Cflag_040_0001	E4-10_023_0022
Cflag_040_0001	Cflag_040_0036
RCC970_016B_0014	RCC970_016B_0014
Cflag_131_0033	Cflag_131_0033
BVI_023A_0018	BVI_023A_0018
BVI_023A_0018	E4-10_001_0004
BVI_023A_0018	E4-10_023_0006
BVI_023A_0018	E4-10_001_0030
BVI_008A_0023	BVI_008A_0023
BVI_008A_0023	Cflag_017B_0020
BVI_008A_0023	E4-10_112_0003
BVI_008A_0023	E4-10_008_0005
BVI_008A_0023	BVI_069_0026
BVI_008A_0023	RCC970_016B_0004
BVI_008A_0023	BVI_055A_0025
BVI_008A_0023	E4-10_086_0004
RCC970_016A_0022	RCC970_016A_0022
RCC970_016A_0022	Cflag_017C_0001
RCC970_016A_0022	Cflag_017C_0021
RCC970_016A_0022	BVI_101_0022
RCC970_016A_0022	BVI_101_0001
RCC970_025_0026	RCC970_025_0026
RCC970_025_0026	Cflag_017A_0030
RCC970_025_0026	Cflag_017A_0004
BVI_101_0020	BVI_101_0020
BVI_101_0020	BVI_056_0019
BVI_101_0020	Cflag_131_0002
BVI_101_0020	Cflag_017C_0019
BVI_101_0020	RCC970_016A_0004
E4-10_053_0010	E4-10_053_0010
E4-10_053_0010	Cflag_040_0021
E4-10_053_0010	RCC970_025_0017
E4-10_053_0010	BVI_023A_0008
E4-10_053_0010	E4-10_133_0016
E4-10_053_0010	BVI_001A_0007
E4-10_053_0010	Cflag_017A_0019
E4-10_053_0010	BVI_101_0010
E4-10_053_0010	Cflag_131_0013
E4-10_053_0010	BVI_056_0010
E4-10_053_0010	Cflag_017C_0011
E4-10_053_0010	RCC970_016A_0012
E4-10_053_0010	Cflag_215_0006
E4-10_053_0010	BVI_055B_0006
E4-10_053_0010	BVI_002_0006
E4-10_053_0010	BVI_008A_0006
E4-10_053_0010	E4-10_112_0022
E4-10_053_0010	BVI_069_0006
E4-10_053_0010	Cflag_017B_0007
E4-10_053_0010	E4-10_086_0017
E4-10_053_0010	RCC970_095_0006
E4-10_053_0010	BVI_058_0012
E4-10_053_0010	BVI_029_0021
E4-10_053_0010	Cflag_151_0006
E4-10_053_0010	E4-10_001_0013
E4-10_053_0010	E4-10_023_0016
E4-10_001_0001	E4-10_001_0001
Cflag_131_0030	Cflag_131_0030
Cflag_131_0030	BVI_055A_0016
Cflag_131_0030	Cflag_040_0014
Cflag_131_0030	BVI_055A_0012
Cflag_131_0030	Cflag_131_0026
Cflag_131_0030	BVI_029_0013
Cflag_131_0030	BVI_096B_0002
Cflag_131_0030	Cflag_131_0025
Cflag_131_0030	BVI_069_0010
Cflag_131_0030	Cflag_040_0018
Cflag_131_0030	BVI_029_0009
BVI_096B_0001	BVI_096B_0001
BVI_096B_0001	BVI_055B_0001
BVI_096B_0001	BVI_096B_0032
BVI_096B_0001	BVI_055B_0025
BVI_055B_0005	BVI_055B_0005
Cflag_040_0016	Cflag_040_0016
Cflag_040_0016	BVI_055A_0014
Cflag_040_0016	BVI_069_0012
Cflag_040_0016	BVI_096B_0005
Cflag_040_0016	BVI_029_0011
Cflag_017A_0002	Cflag_017A_0002
Cflag_017A_0002	Cflag_040_0035
Cflag_017A_0002	E4-10_023_0002
Cflag_017A_0002	E4-10_023_0021
Cflag_017A_0002	RCC970_025_0029
Cflag_017A_0002	BVI_023A_0023
Cflag_151_0025	Cflag_151_0025
Cflag_017B_0021	Cflag_017B_0021
Cflag_017B_0021	E4-10_008_0003
Cflag_017B_0021	BVI_055A_0026
Cflag_017B_0021	BVI_008A_0026
Cflag_017B_0021	E4-10_086_0003
Cflag_017B_0021	RCC970_016B_0003
BVI_029_0026	BVI_029_0026
Cflag_131_0031	Cflag_131_0031
Cflag_131_0031	RCC970_016A_0018
Cflag_131_0031	BVI_101_0005
Cflag_131_0031	Cflag_017C_0005
Cflag_131_0031	BVI_056_0003
BVI_029_0005	BVI_029_0005
BVI_029_0005	E4-10_023_0008
BVI_029_0005	BVI_058_0005
BVI_029_0005	Cflag_151_0021
BVI_029_0005	RCC970_095_0014
BVI_008A_0002	BVI_008A_0002
BVI_008A_0002	RCC970_016B_0002
BVI_008A_0002	BVI_008A_0027
BVI_008A_0002	Cflag_017B_0002
BVI_008A_0002	E4-10_086_0022
BVI_008A_0002	RCC970_016B_0030
BVI_008A_0002	E4-10_086_0002
BVI_008A_0002	E4-10_112_0026
BVI_008A_0002	E4-10_008_0002
BVI_008A_0002	BVI_069_0002
BVI_008A_0002	Cflag_017B_0022
BVI_008A_0002	BVI_055A_0027
Cflag_151_0024	Cflag_151_0024
E4-10_112_0020	E4-10_112_0020
E4-10_112_0020	BVI_008A_0008
E4-10_053_0013	E4-10_053_0013
RCC970_025_0003	RCC970_025_0003
BVI_069_0011	BVI_069_0011
BVI_069_0011	Cflag_040_0015
BVI_069_0011	BVI_029_0012
BVI_069_0011	Cflag_131_0024
BVI_069_0011	BVI_055A_0013
BVI_069_0011	BVI_096B_0003
BVI_096B_0020	BVI_096B_0020
BVI_069_0024	BVI_069_0024
BVI_069_0024	RCC970_016B_0007
BVI_069_0024	E4-10_086_0006
BVI_069_0024	Cflag_017B_0018
BVI_069_0024	E4-10_112_0009
BVI_069_0024	BVI_008A_0020
BVI_069_0024	E4-10_008_0007
BVI_069_0024	BVI_055A_0022
E4-10_053_0012	E4-10_053_0012
E4-10_053_0007	E4-10_053_0007
E4-10_053_0007	RCC970_029_0008
Cflag_040_0002	Cflag_040_0002
Cflag_151_0013	Cflag_151_0013
E4-10_053_0008	E4-10_053_0008
E4-10_053_0008	Cflag_017A_0021
E4-10_053_0008	RCC970_029_0009
E4-10_053_0008	E4-10_133_0019
E4-10_053_0008	RCC970_025_0019
E4-10_053_0008	BVI_001A_0005
E4-10_053_0008	BVI_023A_0006
E4-10_053_0002	E4-10_053_0002
E4-10_053_0002	BVI_001A_0019
E4-10_053_0002	RCC970_025_0028
E4-10_053_0002	BVI_001A_0002
E4-10_053_0002	BVI_023A_0002
E4-10_053_0002	BVI_023A_0022
Cflag_040_0029	Cflag_040_0029
RCC970_029_0018	RCC970_029_0018
RCC970_029_0018	BVI_023A_0017
RCC970_029_0018	E4-10_053_0019
RCC970_016A_0015	RCC970_016A_0015
RCC970_016A_0015	Cflag_017C_0008
RCC970_016A_0015	BVI_101_0007
BVI_008A_0004	BVI_008A_0004
BVI_008A_0004	Cflag_017B_0005
BVI_008A_0004	E4-10_112_0024
BVI_008A_0004	RCC970_016B_0026
BVI_008A_0004	BVI_069_0004
BVI_008A_0004	E4-10_086_0019
BVI_029_0025	BVI_029_0025
BVI_029_0025	BVI_001A_0003
BVI_029_0025	BVI_058_0016
BVI_029_0025	E4-10_023_0020
BVI_029_0025	BVI_023A_0004
BVI_029_0025	E4-10_133_0022
BVI_029_0025	RCC970_095_0001
BVI_029_0025	E4-10_053_0005
E4-10_008_0016	E4-10_008_0016
E4-10_008_0016	BVI_055A_0008
RCC970_016B_0020	RCC970_016B_0020
E4-10_112_0027	E4-10_112_0027
E4-10_112_0027	BVI_055A_0028
E4-10_112_0027	BVI_008A_0029
E4-10_112_0027	BVI_055A_0001
E4-10_112_0027	BVI_008A_0001
E4-10_112_0027	E4-10_112_0001
BVI_055B_0021	BVI_055B_0021
BVI_055B_0021	BVI_002_0018
BVI_055B_0021	BVI_096B_0026
BVI_069_0019	BVI_069_0019
RCC970_016A_0003	RCC970_016A_0003
RCC970_016A_0003	BVI_101_0021
RCC970_016A_0003	Cflag_017C_0020
BVI_029_0014	BVI_029_0014
BVI_029_0014	E4-10_023_0011
BVI_029_0014	Cflag_151_0012
RCC970_016B_0016	RCC970_016B_0016
RCC970_016B_0016	E4-10_112_0016
RCC970_016B_0016	Cflag_215_0007
RCC970_095_0004	RCC970_095_0004
Cflag_131_0007	Cflag_131_0007
Cflag_131_0007	BVI_056_0015
BVI_069_0020	BVI_069_0020
BVI_096B_0031	BVI_096B_0031
BVI_096B_0031	BVI_069_0025
BVI_096B_0031	E4-10_086_0005
BVI_096B_0031	Cflag_017B_0019
BVI_096B_0031	E4-10_008_0006
BVI_096B_0031	RCC970_016B_0006
BVI_096B_0031	BVI_055B_0024
RCC970_095_0018	RCC970_095_0018
Cflag_151_0001	Cflag_151_0001
BVI_096B_0007	BVI_096B_0007
E4-10_086_0021	E4-10_086_0021
E4-10_086_0021	RCC970_025_0012
E4-10_086_0021	BVI_001A_0012
E4-10_086_0021	BVI_023A_0013
E4-10_086_0021	RCC970_029_0015
E4-10_086_0021	Cflag_017C_0018
E4-10_086_0021	RCC970_016A_0005
E4-10_086_0021	BVI_056_0018
E4-10_086_0021	E4-10_112_0025
E4-10_086_0021	BVI_008A_0003
E4-10_086_0021	BVI_069_0003
E4-10_086_0021	Cflag_017B_0004
E4-10_086_0021	E4-10_133_0011
E4-10_086_0021	E4-10_053_0016
E4-10_086_0021	Cflag_017A_0014
E4-10_086_0021	Cflag_040_0011
E4-10_086_0021	E4-10_001_0021
E4-10_086_0021	Cflag_151_0019
Cflag_151_0017	Cflag_151_0017
Cflag_151_0017	E4-10_001_0003
Cflag_040_0026	Cflag_040_0026
Cflag_017A_0024	Cflag_017A_0024
Cflag_131_0022	Cflag_131_0022
Cflag_131_0010	Cflag_131_0010
BVI_002_0009	BVI_002_0009
E4-10_023_0003	E4-10_023_0003
E4-10_023_0003	BVI_001A_0018
E4-10_053_0021	E4-10_053_0021
BVI_005_0002	BVI_005_0002
Cflag_215_0005	Cflag_215_0005
Cflag_215_0005	BVI_002_0005
BVI_101_0018	BVI_101_0018
BVI_101_0018	Cflag_131_0004
BVI_101_0018	RCC970_016B_0028
Cflag_215_0004	Cflag_215_0004
Cflag_215_0004	RCC970_122_0004
BVI_101_0023	BVI_101_0023
E4-10_133_0010	E4-10_133_0010
Cflag_017A_0008	Cflag_017A_0008
Cflag_017A_0008	RCC970_025_0007
E4-10_008_0017	E4-10_008_0017
E4-10_008_0017	BVI_055A_0007
BVI_096B_0015	BVI_096B_0015
E4-10_001_0022	E4-10_001_0022
RCC970_029_0011	RCC970_029_0011
RCC970_029_0011	Cflag_151_0008
E4-10_001_0027	E4-10_001_0027
E4-10_001_0027	BVI_008A_0013
E4-10_001_0027	E4-10_112_0005
RCC970_095_0005	RCC970_095_0005
RCC970_095_0005	BVI_058_0013
RCC970_095_0005	Cflag_151_0005
RCC970_095_0005	BVI_029_0022
RCC970_095_0005	E4-10_023_0017
RCC970_095_0005	RCC970_016A_0007
RCC970_095_0005	Cflag_131_0006
RCC970_095_0005	BVI_056_0016
RCC970_095_0005	Cflag_017C_0016
RCC970_095_0005	BVI_101_0015
RCC970_095_0005	BVI_008A_0016
RCC970_095_0005	E4-10_112_0014
RCC970_095_0005	RCC970_016B_0012
RCC970_095_0005	Cflag_017B_0013
RCC970_095_0005	E4-10_086_0011
RCC970_095_0005	E4-10_001_0012
RCC970_095_0005	BVI_055B_0004
RCC970_095_0005	BVI_096B_0010
RCC970_095_0005	BVI_023A_0007
RCC970_095_0005	E4-10_053_0009
RCC970_095_0005	RCC970_025_0018
RCC970_095_0005	BVI_001A_0006
RCC970_095_0005	Cflag_017A_0020
RCC970_095_0005	Cflag_040_0022
RCC970_095_0005	E4-10_133_0018
RCC970_095_0005	RCC970_029_0010
E4-10_133_0002	E4-10_133_0002
BVI_069_0018	BVI_069_0018
RCC970_016B_0025	RCC970_016B_0025
Cflag_017A_0023	Cflag_017A_0023
RCC970_122_0005	RCC970_122_0005
E4-10_133_0009	E4-10_133_0009
RCC970_095_0009	RCC970_095_0009
RCC970_095_0009	BVI_058_0009
RCC970_095_0009	Cflag_151_0010
RCC970_095_0009	BVI_029_0017
E4-10_053_0025	E4-10_053_0025
E4-10_001_0026	E4-10_001_0026
E4-10_001_0026	BVI_008A_0014
E4-10_001_0026	E4-10_112_0006
BVI_002_0012	BVI_002_0012
BVI_005_0007	BVI_005_0007
E4-10_001_0020	E4-10_001_0020
E4-10_053_0004	E4-10_053_0004
BVI_055A_0002	BVI_055A_0002
BVI_069_0031	BVI_069_0031
BVI_069_0031	BVI_069_0001
BVI_029_0015	BVI_029_0015
BVI_029_0018	BVI_029_0018
BVI_069_0021	BVI_069_0021
RCC970_029_0023	RCC970_029_0023
BVI_069_0029	BVI_069_0029
BVI_069_0017	BVI_069_0017
RCC970_029_0006	RCC970_029_0006
BVI_056_0008	BVI_056_0008
BVI_056_0008	Cflag_131_0015
BVI_056_0008	RCC970_016A_0014
BVI_056_0008	Cflag_017C_0009
BVI_056_0008	BVI_101_0008
E4-10_133_0008	E4-10_133_0008
Cflag_040_0023	Cflag_040_0023
BVI_029_0001	BVI_029_0001
BVI_029_0001	E4-10_133_0003
BVI_029_0001	E4-10_053_0023
BVI_029_0001	BVI_023A_0021
E4-10_133_0013	E4-10_133_0013
E4-10_001_0019	E4-10_001_0019
BVI_002_0001	BVI_002_0001
BVI_002_0001	BVI_002_0002
BVI_008A_0021	BVI_008A_0021
BVI_008A_0021	E4-10_112_0008
RCC970_016B_0027	RCC970_016B_0027
RCC970_016B_0027	E4-10_086_0020
Cflag_017C_0003	Cflag_017C_0003
Cflag_017C_0003	RCC970_016A_0020
Cflag_017C_0003	Cflag_131_0032
Cflag_017C_0003	BVI_101_0003
Cflag_017C_0003	BVI_056_0002
BVI_096B_0021	BVI_096B_0021
BVI_096B_0021	BVI_055B_0017
BVI_096B_0021	BVI_002_0014
E4-10_008_0013	E4-10_008_0013
E4-10_008_0013	BVI_055A_0011
RCC970_025_0006	RCC970_025_0006
RCC970_025_0006	Cflag_017A_0007
E4-10_086_0009	E4-10_086_0009
E4-10_086_0009	Cflag_017B_0015
E4-10_086_0009	RCC970_016B_0010
E4-10_086_0009	E4-10_112_0012
BVI_055B_0016	BVI_055B_0016
BVI_055B_0016	BVI_002_0013
E4-10_053_0018	E4-10_053_0018
E4-10_053_0018	BVI_001A_0014
E4-10_053_0018	Cflag_040_0009
E4-10_053_0018	Cflag_017A_0011
E4-10_053_0018	RCC970_029_0017
E4-10_053_0018	BVI_023A_0016
E4-10_053_0018	RCC970_025_0010
RCC970_029_0022	RCC970_029_0022
BVI_058_0004	BVI_058_0004
BVI_058_0004	E4-10_023_0007
BVI_058_0004	E4-10_133_0007
BVI_058_0004	BVI_029_0004
BVI_058_0004	Cflag_017A_0010
BVI_058_0004	RCC970_025_0009
BVI_058_0004	BVI_001A_0015
BVI_058_0004	Cflag_040_0008
BVI_058_0004	RCC970_095_0015
BVI_058_0004	Cflag_151_0002
BVI_058_0004	BVI_005_0004
E4-10_112_0017	E4-10_112_0017
E4-10_112_0017	RCC970_016B_0017
Cflag_215_0011	Cflag_215_0011
RCC970_029_0021	RCC970_029_0021
RCC970_029_0021	E4-10_133_0004
E4-10_008_0011	E4-10_008_0011
E4-10_008_0011	BVI_055A_0018
BVI_005_0006	BVI_005_0006
Cflag_151_0018	Cflag_151_0018
Cflag_151_0007	Cflag_151_0007
Cflag_040_0034	Cflag_040_0034
Cflag_131_0023	Cflag_131_0023
E4-10_133_0020	E4-10_133_0020
E4-10_133_0020	RCC970_025_0020
E4-10_133_0020	Cflag_040_0027
E4-10_133_0020	RCC970_016B_0015
BVI_096B_0004	BVI_096B_0004
RCC970_016B_0005	RCC970_016B_0005
RCC970_016B_0005	Cflag_215_0013
BVI_096B_0016	BVI_096B_0016
E4-10_086_0018	E4-10_086_0018
E4-10_086_0018	Cflag_017B_0006
E4-10_086_0018	E4-10_112_0023
E4-10_086_0018	BVI_069_0005
E4-10_086_0018	BVI_008A_0005
BVI_055B_0019	BVI_055B_0019
BVI_055B_0019	BVI_096B_0023
BVI_055B_0019	BVI_002_0016
BVI_055B_0019	RCC970_122_0001
BVI_055B_0019	Cflag_215_0001
RCC970_025_0024	RCC970_025_0024
E4-10_001_0009	E4-10_001_0009
BVI_029_0007	BVI_029_0007
BVI_029_0007	RCC970_095_0012
Cflag_017C_0002	Cflag_017C_0002
Cflag_017C_0002	BVI_056_0001
Cflag_017C_0002	RCC970_016A_0021
Cflag_017C_0002	BVI_101_0002
Cflag_017C_0002	BVI_069_0028
RCC970_122_0002	RCC970_122_0002
RCC970_122_0002	Cflag_215_0002
RCC970_122_0002	RCC970_095_0011
RCC970_122_0002	BVI_058_0007
RCC970_122_0002	BVI_096B_0008
RCC970_122_0002	BVI_002_0003
RCC970_122_0002	BVI_055B_0002
Cflag_017A_0013	Cflag_017A_0013
E4-10_133_0006	E4-10_133_0006
Cflag_017A_0006	Cflag_017A_0006
Cflag_017A_0006	RCC970_025_0005
Cflag_040_0005	Cflag_040_0005
E4-10_001_0008	E4-10_001_0008
BVI_069_0015	BVI_069_0015
E4-10_001_0023	E4-10_001_0023
E4-10_001_0023	Cflag_151_0023
E4-10_008_0015	E4-10_008_0015
E4-10_008_0015	BVI_055A_0009
RCC970_016B_0001	RCC970_016B_0001
RCC970_016B_0001	Cflag_017B_0023
RCC970_016B_0001	Cflag_017B_0001
Cflag_040_0031	Cflag_040_0031
Cflag_040_0031	E4-10_053_0003
RCC970_016B_0022	RCC970_016B_0022
Cflag_017A_0026	Cflag_017A_0026
Cflag_017A_0026	RCC970_025_0022
E4-10_112_0004	E4-10_112_0004
E4-10_112_0004	BVI_008A_0022
E4-10_001_0002	E4-10_001_0002
RCC970_029_0005	RCC970_029_0005
BVI_002_0015	BVI_002_0015
BVI_002_0004	BVI_002_0004
BVI_002_0004	BVI_096B_0009
BVI_002_0004	BVI_055B_0003
BVI_002_0004	RCC970_122_0003
BVI_002_0004	Cflag_215_0003
BVI_002_0004	E4-10_112_0015
BVI_002_0004	BVI_008A_0012
BVI_002_0004	BVI_069_0016
BVI_002_0004	E4-10_086_0012
BVI_002_0004	Cflag_017B_0012
BVI_002_0004	BVI_029_0023
BVI_002_0004	Cflag_151_0004
BVI_002_0004	BVI_058_0014
BVI_002_0004	RCC970_095_0003
BVI_002_0004	E4-10_001_0011
BVI_002_0004	E4-10_023_0018
BVI_002_0004	RCC970_016A_0006
BVI_002_0004	BVI_056_0017
BVI_002_0004	Cflag_017C_0017
BVI_002_0004	BVI_101_0016
BVI_002_0004	Cflag_131_0005
RCC970_029_0013	RCC970_029_0013
RCC970_029_0013	E4-10_053_0014
RCC970_029_0013	Cflag_017A_0016
RCC970_029_0013	BVI_023A_0011
RCC970_029_0013	BVI_001A_0010
RCC970_029_0013	Cflag_040_0013
RCC970_029_0013	RCC970_025_0014
Cflag_131_0020	Cflag_131_0020
Cflag_131_0020	Cflag_131_0029
Cflag_131_0020	BVI_029_0010
Cflag_131_0020	Cflag_040_0017
Cflag_131_0020	BVI_055A_0015
Cflag_131_0020	BVI_069_0013
Cflag_131_0020	BVI_096B_0006
Cflag_131_0020	E4-10_112_0007
Cflag_131_0020	BVI_008A_0015
BVI_101_0017	BVI_101_0017
RCC970_029_0025	RCC970_029_0025
RCC970_016B_0024	RCC970_016B_0024
BVI_096B_0025	BVI_096B_0025
BVI_056_0020	BVI_056_0020
BVI_056_0020	Cflag_131_0001
Cflag_131_0016	Cflag_131_0016
Cflag_131_0016	BVI_056_0007
Cflag_131_0016	RCC970_016A_0016
Cflag_131_0016	Cflag_017C_0007
BVI_056_0005	BVI_056_0005
BVI_056_0005	Cflag_131_0018
BVI_056_0005	RCC970_016A_0019
BVI_056_0005	Cflag_017C_0004
BVI_056_0005	BVI_101_0004
BVI_056_0005	BVI_055B_0022
BVI_056_0005	BVI_002_0019
Cflag_151_0014	Cflag_151_0014
BVI_096B_0011	BVI_096B_0011
BVI_023A_0001	BVI_023A_0001
BVI_023A_0001	RCC970_025_0002
BVI_023A_0001	BVI_058_0018
BVI_055B_0010	BVI_055B_0010
Cflag_151_0016	Cflag_151_0016
E4-10_001_0005	E4-10_001_0005
E4-10_001_0005	E4-10_001_0029
RCC970_025_0004	RCC970_025_0004
RCC970_016B_0023	RCC970_016B_0023
BVI_029_0008	BVI_029_0008
BVI_029_0008	E4-10_023_0010
BVI_058_0017	BVI_058_0017
BVI_058_0017	BVI_058_0001
BVI_023A_0015	BVI_023A_0015
BVI_002_0021	BVI_002_0021
BVI_056_0013	BVI_056_0013
BVI_056_0013	BVI_101_0013
BVI_056_0013	RCC970_016A_0009
BVI_056_0013	Cflag_017C_0014
BVI_056_0013	Cflag_131_0009
RCC970_016B_0029	RCC970_016B_0029
RCC970_016B_0029	BVI_101_0019
RCC970_016B_0029	Cflag_131_0003
BVI_069_0030	BVI_069_0030
Cflag_131_0017	Cflag_131_0017
Cflag_131_0017	BVI_056_0006
E4-10_001_0018	E4-10_001_0018
E4-10_001_0018	Cflag_017B_0009
E4-10_001_0018	E4-10_086_0015
E4-10_001_0018	BVI_069_0008
E4-10_001_0018	RCC970_016B_0019
E4-10_001_0018	RCC970_025_0011
E4-10_001_0018	BVI_023A_0014
E4-10_001_0018	Cflag_040_0010
E4-10_001_0018	BVI_001A_0013
E4-10_001_0018	E4-10_053_0017
E4-10_001_0018	RCC970_029_0016
E4-10_001_0018	Cflag_017A_0012
E4-10_001_0018	BVI_029_0006
E4-10_001_0018	RCC970_095_0013
E4-10_001_0018	Cflag_151_0020
E4-10_001_0018	BVI_058_0006
E4-10_001_0018	E4-10_023_0009
RCC970_025_0025	RCC970_025_0025
RCC970_025_0025	Cflag_017A_0029
RCC970_025_0025	Cflag_017A_0005
RCC970_029_0026	RCC970_029_0026
E4-10_008_0004	E4-10_008_0004
E4-10_008_0004	BVI_008A_0024
E4-10_008_0004	E4-10_112_0002
RCC970_029_0002	RCC970_029_0002
Cflag_040_0024	Cflag_040_0024
Cflag_040_0024	RCC970_016B_0013
E4-10_001_0028	E4-10_001_0028
E4-10_001_0028	Cflag_151_0022
