BVI_008A_0001	BVI_008A_0001
BVI_008A_0001	BVI_069_0001
BVI_008A_0001	E4-10_086_0021
BVI_008A_0001	E4-10_112_0026
BVI_008A_0001	BVI_008A_0001
BVI_008A_0001	BVI_069_0001
BVI_008A_0001	E4-10_086_0021
BVI_008A_0001	E4-10_112_0026
BVI_008A_0002	BVI_008A_0002
BVI_008A_0002	BVI_069_0002
BVI_008A_0002	Cflag_017B_0003
BVI_008A_0002	E4-10_112_0025
BVI_008A_0002	BVI_008A_0002
BVI_008A_0002	BVI_069_0002
BVI_008A_0002	Cflag_017B_0003
BVI_008A_0002	E4-10_112_0025
BVI_008A_0003	BVI_008A_0003
BVI_008A_0003	BVI_069_0003
BVI_008A_0003	Cflag_017B_0004
BVI_008A_0003	E4-10_086_0018
BVI_008A_0003	E4-10_112_0024
BVI_008A_0003	RCC970_016B_0024
BVI_008A_0003	BVI_008A_0003
BVI_008A_0003	BVI_069_0003
BVI_008A_0003	Cflag_017B_0004
BVI_008A_0003	E4-10_086_0018
BVI_008A_0003	E4-10_112_0024
BVI_008A_0003	RCC970_016B_0024
BVI_008A_0004	BVI_008A_0004
BVI_008A_0004	BVI_069_0004
BVI_008A_0004	Cflag_017B_0005
BVI_008A_0004	E4-10_086_0017
BVI_008A_0004	E4-10_112_0023
BVI_008A_0004	BVI_008A_0004
BVI_008A_0004	BVI_069_0004
BVI_008A_0004	Cflag_017B_0005
BVI_008A_0004	E4-10_086_0017
BVI_008A_0004	E4-10_112_0023
BVI_008A_0005	BVI_008A_0005
BVI_008A_0005	BVI_069_0005
BVI_008A_0005	Cflag_017B_0006
BVI_008A_0005	E4-10_086_0016
BVI_008A_0005	E4-10_112_0022
BVI_008A_0005	BVI_008A_0005
BVI_008A_0005	BVI_069_0005
BVI_008A_0005	Cflag_017B_0006
BVI_008A_0005	E4-10_086_0016
BVI_008A_0005	E4-10_112_0022
BVI_008A_0006	BVI_008A_0006
BVI_008A_0006	BVI_069_0006
BVI_008A_0006	Cflag_017B_0007
BVI_008A_0006	E4-10_086_0015
BVI_008A_0006	BVI_008A_0006
BVI_008A_0006	BVI_069_0006
BVI_008A_0006	Cflag_017B_0007
BVI_008A_0006	E4-10_086_0015
BVI_008A_0010	BVI_008A_0010
BVI_008A_0010	Cflag_017B_0010
BVI_008A_0010	E4-10_086_0012
BVI_008A_0010	BVI_008A_0010
BVI_008A_0010	Cflag_017B_0010
BVI_008A_0010	E4-10_086_0012
BVI_008A_0015	BVI_008A_0015
BVI_008A_0015	Cflag_017B_0012
BVI_008A_0015	E4-10_086_0010
BVI_008A_0015	E4-10_112_0013
BVI_008A_0015	RCC970_016B_0012
BVI_008A_0015	BVI_008A_0015
BVI_008A_0015	Cflag_017B_0012
BVI_008A_0015	E4-10_086_0010
BVI_008A_0015	E4-10_112_0013
BVI_008A_0015	RCC970_016B_0012
BVI_008A_0016	BVI_008A_0016
BVI_008A_0016	Cflag_017B_0013
BVI_008A_0016	E4-10_086_0009
BVI_008A_0016	E4-10_112_0012
BVI_008A_0016	RCC970_016B_0011
BVI_008A_0016	BVI_008A_0016
BVI_008A_0016	Cflag_017B_0013
BVI_008A_0016	E4-10_086_0009
BVI_008A_0016	E4-10_112_0012
BVI_008A_0016	RCC970_016B_0011
BVI_008A_0017	BVI_008A_0017
BVI_008A_0017	BVI_069_0022
BVI_008A_0017	Cflag_017B_0015
BVI_008A_0017	E4-10_086_0007
BVI_008A_0017	E4-10_112_0010
BVI_008A_0017	RCC970_016B_0009
BVI_008A_0017	BVI_008A_0017
BVI_008A_0017	BVI_069_0022
BVI_008A_0017	Cflag_017B_0015
BVI_008A_0017	E4-10_086_0007
BVI_008A_0017	E4-10_112_0010
BVI_008A_0017	RCC970_016B_0009
BVI_008A_0018	BVI_008A_0018
BVI_008A_0018	BVI_069_0023
BVI_008A_0018	Cflag_017B_0016
BVI_008A_0018	E4-10_086_0006
BVI_008A_0018	E4-10_112_0009
BVI_008A_0018	RCC970_016B_0008
BVI_008A_0018	BVI_008A_0018
BVI_008A_0018	BVI_069_0023
BVI_008A_0018	Cflag_017B_0016
BVI_008A_0018	E4-10_086_0006
BVI_008A_0018	E4-10_112_0009
BVI_008A_0018	RCC970_016B_0008
BVI_008A_0019	BVI_008A_0019
BVI_008A_0019	BVI_069_0024
BVI_008A_0019	Cflag_017B_0017
BVI_008A_0019	E4-10_086_0005
BVI_008A_0019	E4-10_112_0008
BVI_008A_0019	RCC970_016B_0007
BVI_008A_0019	BVI_008A_0019
BVI_008A_0019	BVI_069_0024
BVI_008A_0019	Cflag_017B_0017
BVI_008A_0019	E4-10_086_0005
BVI_008A_0019	E4-10_112_0008
BVI_008A_0019	RCC970_016B_0007
BVI_008A_0020	BVI_008A_0020
BVI_008A_0020	E4-10_112_0007
BVI_008A_0020	BVI_008A_0020
BVI_008A_0020	E4-10_112_0007
BVI_008A_0021	BVI_008A_0021
BVI_008A_0021	E4-10_112_0003
BVI_008A_0021	BVI_008A_0021
BVI_008A_0021	E4-10_112_0003
BVI_008A_0022	BVI_008A_0022
BVI_008A_0022	BVI_069_0026
BVI_008A_0022	Cflag_017B_0019
BVI_008A_0022	E4-10_086_0003
BVI_008A_0022	E4-10_112_0002
BVI_008A_0022	RCC970_016B_0004
BVI_008A_0022	BVI_008A_0022
BVI_008A_0022	BVI_069_0026
BVI_008A_0022	Cflag_017B_0019
BVI_008A_0022	E4-10_086_0003
BVI_008A_0022	E4-10_112_0002
BVI_008A_0022	RCC970_016B_0004
BVI_008A_0023	BVI_008A_0023
BVI_008A_0023	E4-10_112_0001
BVI_008A_0023	BVI_008A_0023
BVI_008A_0023	E4-10_112_0001
BVI_008A_0025	BVI_008A_0025
BVI_008A_0025	Cflag_017B_0020
BVI_008A_0025	E4-10_086_0002
BVI_008A_0025	RCC970_016B_0003
BVI_008A_0025	BVI_008A_0025
BVI_008A_0025	Cflag_017B_0020
BVI_008A_0025	E4-10_086_0002
BVI_008A_0025	RCC970_016B_0003
BVI_008A_0026	BVI_008A_0026
BVI_008A_0026	RCC970_016B_0002
BVI_008A_0026	BVI_008A_0026
BVI_008A_0026	RCC970_016B_0002
BVI_008A_0027	BVI_008A_0027
BVI_008A_0027	E4-10_086_0001
BVI_008A_0027	BVI_008A_0027
BVI_008A_0027	E4-10_086_0001
BVI_069_0007	BVI_069_0007
BVI_069_0007	Cflag_017B_0008
BVI_069_0007	E4-10_086_0014
BVI_069_0007	RCC970_016B_0019
BVI_069_0007	BVI_069_0007
BVI_069_0007	Cflag_017B_0008
BVI_069_0007	E4-10_086_0014
BVI_069_0007	RCC970_016B_0019
BVI_069_0008	BVI_069_0008
BVI_069_0008	BVI_008A_0009
BVI_069_0008	Cflag_017B_0009
BVI_069_0008	E4-10_086_0013
BVI_069_0008	E4-10_112_0017
BVI_069_0008	RCC970_016B_0018
BVI_069_0008	BVI_008A_0009
BVI_069_0008	BVI_069_0008
BVI_069_0008	Cflag_017B_0009
BVI_069_0008	E4-10_086_0013
BVI_069_0008	E4-10_112_0017
BVI_069_0008	RCC970_016B_0018
BVI_069_0025	BVI_069_0025
BVI_069_0025	Cflag_017B_0018
BVI_069_0025	E4-10_086_0004
BVI_069_0025	BVI_069_0025
BVI_069_0025	Cflag_017B_0018
BVI_069_0025	E4-10_086_0004
BVI_069_0027	BVI_069_0027
BVI_069_0027	BVI_008A_0024
BVI_069_0027	BVI_008A_0024
BVI_069_0027	BVI_069_0027
Cflag_017B_0001	Cflag_017B_0001
Cflag_017B_0001	Cflag_017B_0022
Cflag_017B_0001	RCC970_016B_0001
Cflag_017B_0001	Cflag_017B_0001
Cflag_017B_0001	Cflag_017B_0022
Cflag_017B_0001	RCC970_016B_0001
Cflag_017B_0011	Cflag_017B_0011
Cflag_017B_0011	BVI_008A_0011
Cflag_017B_0011	BVI_069_0014
Cflag_017B_0011	E4-10_086_0011
Cflag_017B_0011	E4-10_112_0014
Cflag_017B_0011	BVI_008A_0011
Cflag_017B_0011	BVI_069_0014
Cflag_017B_0011	Cflag_017B_0011
Cflag_017B_0011	E4-10_086_0011
Cflag_017B_0011	E4-10_112_0014
Cflag_017B_0014	Cflag_017B_0014
Cflag_017B_0014	E4-10_086_0008
Cflag_017B_0014	E4-10_112_0011
Cflag_017B_0014	RCC970_016B_0010
Cflag_017B_0014	Cflag_017B_0014
Cflag_017B_0014	E4-10_086_0008
Cflag_017B_0014	E4-10_112_0011
Cflag_017B_0014	RCC970_016B_0010
E4-10_086_0019	E4-10_086_0019
E4-10_086_0019	RCC970_016B_0025
E4-10_086_0019	E4-10_086_0019
E4-10_086_0019	RCC970_016B_0025
Cflag_017B_0021	Cflag_017B_0021
Cflag_017B_0021	Cflag_017B_0021
E4-10_086_0020	E4-10_086_0020
E4-10_086_0020	E4-10_086_0020
E4-10_112_0019	E4-10_112_0019
E4-10_112_0019	E4-10_112_0019
E4-10_112_0020	E4-10_112_0020
E4-10_112_0020	E4-10_112_0020
E4-10_112_0021	E4-10_112_0021
E4-10_112_0021	E4-10_112_0021
RCC970_016B_0005	RCC970_016B_0005
RCC970_016B_0005	RCC970_016B_0005
RCC970_016B_0006	RCC970_016B_0006
RCC970_016B_0006	RCC970_016B_0006
RCC970_016B_0013	RCC970_016B_0013
RCC970_016B_0013	RCC970_016B_0013
RCC970_016B_0014	RCC970_016B_0014
RCC970_016B_0014	RCC970_016B_0014
RCC970_016B_0015	RCC970_016B_0015
RCC970_016B_0015	RCC970_016B_0015
RCC970_016B_0020	RCC970_016B_0020
RCC970_016B_0020	RCC970_016B_0020
RCC970_016B_0021	RCC970_016B_0021
RCC970_016B_0021	RCC970_016B_0021
RCC970_016B_0022	RCC970_016B_0022
RCC970_016B_0022	RCC970_016B_0022
RCC970_016B_0023	RCC970_016B_0023
RCC970_016B_0023	RCC970_016B_0023
RCC970_016B_0026	RCC970_016B_0026
RCC970_016B_0026	RCC970_016B_0026
RCC970_016B_0027	RCC970_016B_0027
RCC970_016B_0027	RCC970_016B_0027
E4-10_112_0015	E4-10_112_0015
E4-10_112_0015	RCC970_016B_0016
E4-10_112_0015	E4-10_112_0015
E4-10_112_0015	RCC970_016B_0016
E4-10_112_0018	E4-10_112_0018
E4-10_112_0018	BVI_008A_0008
E4-10_112_0018	BVI_008A_0008
E4-10_112_0018	E4-10_112_0018
RCC970_016B_0017	RCC970_016B_0017
RCC970_016B_0017	E4-10_112_0016
RCC970_016B_0017	E4-10_112_0016
RCC970_016B_0017	RCC970_016B_0017
BVI_008A_0007	BVI_008A_0007
BVI_008A_0007	BVI_008A_0007
BVI_069_0012	BVI_069_0012
BVI_069_0012	BVI_069_0012
BVI_069_0013	BVI_069_0013
BVI_069_0013	BVI_069_0013
BVI_069_0015	BVI_069_0015
BVI_069_0015	BVI_069_0015
BVI_069_0016	BVI_069_0016
BVI_069_0016	BVI_069_0016
BVI_069_0017	BVI_069_0017
BVI_069_0017	BVI_069_0017
BVI_069_0018	BVI_069_0018
BVI_069_0018	BVI_069_0018
BVI_069_0019	BVI_069_0019
BVI_069_0019	BVI_069_0019
BVI_069_0020	BVI_069_0020
BVI_069_0020	BVI_069_0020
BVI_069_0021	BVI_069_0021
BVI_069_0021	BVI_069_0021
BVI_069_0028	BVI_069_0028
BVI_069_0028	BVI_069_0028
BVI_069_0029	BVI_069_0029
BVI_069_0029	BVI_069_0029
Cflag_017B_0002	Cflag_017B_0002
Cflag_017B_0002	Cflag_017B_0002
